id,gender,country,age,box_cox,median,coefficient,p_2,p_3,p_5,p_10,p_25,p_50,p_75,p_80,p_90,p_95,p_97,p_98,p_85,created_at,updated_at,type
3564,f,AUS,24,-0.98660853,16.42339664,0.085451785,,14.1473467,14.39787089,14.80134054,15.52807587,16.42339664,17.42745659,,18.44139317,19.10623522,19.56410958,,18.01820579,2016-06-19T11:35:04.198Z,2016-06-19T11:35:04.198Z,BmiChart
3565,f,AUS,24.5,-1.024496827,16.38804056,0.085025838,,14.13226271,14.3801866,14.77964811,15.49975639,16.38804056,17.38581552,,18.39526372,19.05823845,19.51534333,,17.97371413,2016-06-19T11:35:04.207Z,2016-06-19T11:35:04.207Z,BmiChart
3566,f,AUS,25.5,-1.102698353,16.3189719,0.084214052,,14.10240814,14.34527262,14.73694628,15.44421901,16.3189719,17.30484811,,18.30610782,18.9659499,19.42197989,,17.88748812,2016-06-19T11:35:04.211Z,2016-06-19T11:35:04.211Z,BmiChart
3567,f,AUS,26.5,-1.18396635,16.25207985,0.083455124,,14.07297394,14.31096806,14.6951581,15.39014846,16.25207985,17.2269319,,18.22103253,18.87853388,19.33410382,,17.80489051,2016-06-19T11:35:04.216Z,2016-06-19T11:35:04.216Z,BmiChart
3568,f,AUS,27.5,-1.268071036,16.18734669,0.082748284,,14.04396337,14.27727686,14.65428696,15.33754218,16.18734669,17.15202498,,18.13997016,18.79590999,19.25163039,,17.72586396,2016-06-19T11:35:04.220Z,2016-06-19T11:35:04.220Z,BmiChart
3569,f,AUS,28.5,-1.354751525,16.12475448,0.082092737,,14.01538008,14.24420303,14.61433601,15.28639717,16.12475448,17.08008556,,18.06285334,18.71799839,19.17447582,,17.65035137,2016-06-19T11:35:04.224Z,2016-06-19T11:35:04.224Z,BmiChart
3570,f,AUS,29.5,-1.443689692,16.06428762,0.081487717,,13.98722569,14.21174909,14.57530775,15.23671134,16.06428762,17.01107457,,17.98961595,18.64471845,19.10255392,,17.57829774,2016-06-19T11:35:04.229Z,2016-06-19T11:35:04.229Z,BmiChart
3571,f,AUS,30.5,-1.53454192,16.00593001,0.080932448,,13.95950246,14.17991775,14.53720437,15.18848189,16.00593001,16.94495296,,17.92019231,18.5759903,19.03577948,,17.50964839,2016-06-19T11:35:04.233Z,2016-06-19T11:35:04.233Z,BmiChart
3572,f,AUS,31.5,-1.626928093,15.94966631,0.080426175,,13.93221207,14.14871111,14.50002752,15.14170598,15.94966631,16.88168308,,17.85451773,18.51173402,18.97406651,,17.44434994,2016-06-19T11:35:04.238Z,2016-06-19T11:35:04.238Z,BmiChart
3573,f,AUS,32.5,-1.720434829,15.89548197,0.079968176,,13.90535562,14.11813062,14.46377827,15.09638064,15.89548197,16.82122877,,17.79252859,18.45186978,18.91732801,,17.38235043,2016-06-19T11:35:04.242Z,2016-06-19T11:35:04.242Z,BmiChart
3574,f,AUS,33.5,-1.814635262,15.84336179,0.079557735,,13.87893492,14.08817793,14.42845728,15.05250203,15.84336179,16.763554,,17.73416201,18.39631848,18.86547771,,17.32359846,2016-06-19T11:35:04.247Z,2016-06-19T11:35:04.247Z,BmiChart
3575,f,AUS,34.5,-1.909076262,15.79329146,0.079194187,,13.852951,14.0588539,14.39406456,15.01006617,15.79329146,16.70862449,,17.67935646,18.34500099,18.81842784,,17.26804436,2016-06-19T11:35:04.251Z,2016-06-19T11:35:04.251Z,BmiChart
3576,f,AUS,35.5,-2.003296102,15.7452564,0.078876895,,13.82740517,14.03015932,14.36059959,14.96906838,15.7452564,16.65640663,,17.62805146,18.29783876,18.7760905,,17.21563951,2016-06-19T11:35:04.256Z,2016-06-19T11:35:04.256Z,BmiChart
3577,f,AUS,36.5,-2.096828937,15.69924188,0.078605255,,13.80229888,14.00209476,14.32806133,14.92950329,15.69924188,16.60686761,,17.5801877,18.25475381,18.73837743,,17.16633643,2016-06-19T11:35:04.260Z,2016-06-19T11:35:04.260Z,BmiChart
3578,f,AUS,37.5,-2.189211877,15.65523282,0.078378696,,13.77763382,13.97466073,14.29644823,14.89136478,15.65523282,16.55997523,,17.53570705,18.21566879,18.70520011,,17.12008872,2016-06-19T11:35:04.264Z,2016-06-19T11:35:04.264Z,BmiChart
3579,f,AUS,38.5,-2.279991982,15.61321371,0.078196674,,13.75341201,13.94785767,14.26575827,14.85464591,15.61321371,16.51569783,,17.49455256,18.18050711,18.67646985,,17.07685104,2016-06-19T11:35:04.269Z,2016-06-19T11:35:04.269Z,BmiChart
3580,f,AUS,39.5,-2.368732949,15.57316843,0.078058667,,13.72963586,13.92168608,14.23598902,14.81933896,15.57316843,16.4740041,,17.45666842,18.14919304,18.65209796,,17.03657894,2016-06-19T11:35:04.273Z,2016-06-19T11:35:04.273Z,BmiChart
3581,f,AUS,40.5,-2.455021314,15.53508019,0.077964169,,13.70630824,13.89614655,14.20713766,14.78543535,15.53508019,16.43486298,,17.42199993,18.12165176,18.63199585,,16.99922885,2016-06-19T11:35:04.278Z,2016-06-19T11:35:04.278Z,BmiChart
3582,f,AUS,41.5,-2.538471972,15.49893145,0.077912684,,13.68343254,13.87123981,14.17920105,14.75292568,15.49893145,16.39824347,,17.39049347,18.09780945,18.61607518,,16.96475788,2016-06-19T11:35:04.282Z,2016-06-19T11:35:04.282Z,BmiChart
3583,f,AUS,42.5,-2.618732901,15.46470384,0.077903716,,13.66101266,13.84696678,14.15217581,14.72179977,15.46470384,16.36411453,,17.36209639,18.07759336,18.60424802,,16.93312378,2016-06-19T11:35:04.287Z,2016-06-19T11:35:04.287Z,BmiChart
3584,f,AUS,43.5,-2.695488973,15.43237817,0.077936763,,13.63905306,13.82332865,14.12605833,14.69204668,15.43237817,16.33244497,,17.33675699,18.06093184,18.59642696,,16.90428477,2016-06-19T11:35:04.292Z,2016-06-19T11:35:04.292Z,BmiChart
3585,f,AUS,44.5,-2.768464816,15.40193436,0.078011309,,13.61755872,13.80032682,14.10084485,14.6636548,15.40193436,16.30320336,,17.31442438,18.04775438,18.59252526,,16.87819947,2016-06-19T11:35:04.297Z,2016-06-19T11:35:04.297Z,BmiChart
3586,f,AUS,45.5,-2.837426693,15.37335154,0.078126817,,13.59653518,13.77796299,14.07653151,14.63661186,15.37335154,16.27635793,,17.29504843,18.03799161,18.59245694,,16.85482681,2016-06-19T11:35:04.301Z,2016-06-19T11:35:04.301Z,BmiChart
3587,f,AUS,46.5,-2.902178205,15.34660842,0.078282739,,13.57598804,13.75623885,14.05311425,14.61090523,15.34660842,16.25187703,,17.27857995,18.03157513,18.59613624,,16.83412628,2016-06-19T11:35:04.305Z,2016-06-19T11:35:04.305Z,BmiChart
3588,f,AUS,47.5,-2.962580386,15.32168181,0.078478449,,13.55592455,13.73515717,14.03058936,14.58652134,15.32168181,16.22972719,,17.2649696,18.02843822,18.6034803,,16.81605638,2016-06-19T11:35:04.310Z,2016-06-19T11:35:04.310Z,BmiChart
3589,f,AUS,48.5,-3.018521987,15.29854897,0.078713325,,13.53635124,13.71472021,14.00895279,14.56344665,15.29854897,16.20987583,,17.25416922,18.02851473,18.61440545,,16.80057671,2016-06-19T11:35:04.316Z,2016-06-19T11:35:04.316Z,BmiChart
3590,f,AUS,49.5,-3.069936555,15.27718618,0.078986694,,13.51727537,13.6949307,13.98820066,14.54166718,15.27718618,16.19228952,,17.24613088,18.03173977,18.62882971,,16.78764654,2016-06-19T11:35:04.320Z,2016-06-19T11:35:04.320Z,BmiChart
3591,f,AUS,50.5,-3.116795864,15.2575692,0.079297841,,13.49870449,13.67579162,13.96832912,14.52116867,15.2575692,16.17693441,,17.24080701,18.03804946,18.64667225,,16.77722512,2016-06-19T11:35:04.326Z,2016-06-19T11:35:04.326Z,BmiChart
3592,f,AUS,51.5,-3.159107331,15.23967338,0.079646006,,13.48064637,13.65730608,13.94933441,14.50193674,15.23967338,16.16377626,,17.23815034,18.04738091,18.66785338,,16.76927159,2016-06-19T11:35:04.332Z,2016-06-19T11:35:04.332Z,BmiChart
3593,f,AUS,52.5,-3.196911083,15.22347371,0.080030389,,13.46310899,13.63947739,13.93121283,14.48395686,15.22347371,16.15278049,,17.23811389,18.05967216,18.6922946,,16.76374505,2016-06-19T11:35:04.336Z,2016-06-19T11:35:04.336Z,BmiChart
3594,f,AUS,53.5,-3.230276759,15.20894491,0.080450145,,13.44610041,13.62230894,13.91396079,14.46721445,15.20894491,16.14391221,,17.24065086,18.0748621,18.71991859,,16.76060449,2016-06-19T11:35:04.340Z,2016-06-19T11:35:04.340Z,BmiChart
3595,f,AUS,54.5,-3.259300182,15.19606152,0.080904391,,13.42962877,13.60580421,13.89757474,14.45169495,15.19606152,16.13713628,,17.24571467,18.09289045,18.75064919,,16.75980884,2016-06-19T11:35:04.345Z,2016-06-19T11:35:04.345Z,BmiChart
3596,f,AUS,55.5,-3.284099963,15.18479799,0.081392203,,13.41370222,13.58996673,13.88205123,14.4373838,15.18479799,16.13241736,,17.25325891,18.11369768,18.78441142,,16.76131695,2016-06-19T11:35:04.350Z,2016-06-19T11:35:04.350Z,BmiChart
3597,f,AUS,56.5,-3.30481415,15.17512871,0.081912623,,13.39832882,13.57480002,13.8673869,14.42426656,15.17512871,16.12971996,,17.2632373,18.13722499,18.82113141,,16.76508763,2016-06-19T11:35:04.354Z,2016-06-19T11:35:04.354Z,BmiChart
3598,f,AUS,57.5,-3.321596954,15.16702811,0.082464661,,13.38351658,13.56030761,13.8535784,14.41232886,15.16702811,16.12900854,,17.27560372,18.16341422,18.86073644,,16.77107966,2016-06-19T11:35:04.358Z,2016-06-19T11:35:04.358Z,BmiChart
3599,f,AUS,58.5,-3.334615646,15.16047068,0.083047295,,13.36927334,13.54649295,13.84062247,14.40155647,15.16047068,16.13024748,,17.29031217,18.19220786,18.90315485,,16.77925184,2016-06-19T11:35:04.363Z,2016-06-19T11:35:04.363Z,BmiChart
3600,f,AUS,59.5,-3.344047622,15.15543107,0.083659478,,13.35560679,13.53335941,13.82851587,14.39193532,15.15543107,16.13340121,,17.30731682,18.22354893,18.94831604,,16.78956298,2016-06-19T11:35:04.367Z,2016-06-19T11:35:04.367Z,BmiChart
3601,f,AUS,60.5,-3.35007771,15.15188405,0.084300139,,13.34252439,13.52091027,13.81725538,14.38345148,15.15188405,16.13843423,,17.32657196,18.25738105,18.99615046,,16.80197195,2016-06-19T11:35:04.371Z,2016-06-19T11:35:04.371Z,BmiChart
3602,f,AUS,61.5,-3.352893805,15.14980479,0.0849682,,13.33003322,13.50914853,13.80683773,14.37609125,15.14980479,16.14531133,,17.34803218,18.29364826,19.04658918,,16.81643792,2016-06-19T11:35:04.376Z,2016-06-19T11:35:04.376Z,BmiChart
3603,f,AUS,62.5,-3.352691376,15.14916825,0.085662539,,13.31814053,13.4980774,13.79725982,14.36984096,15.14916825,16.15399692,,17.37165187,18.33229525,19.09956514,,16.83291965,2016-06-19T11:35:04.380Z,2016-06-19T11:35:04.380Z,BmiChart
3604,f,AUS,63.5,-3.34966438,15.14994984,0.086382035,,13.3068531,13.48769977,13.78851848,14.3646872,15.14994984,16.16445581,,17.39738575,18.37326713,19.15501183,,16.85137625,2016-06-19T11:35:04.385Z,2016-06-19T11:35:04.385Z,BmiChart
3605,f,AUS,64.5,-3.343998803,15.15212585,0.087125591,,13.29617673,13.47801782,13.78061022,14.3606169,15.15212585,16.17665394,,17.42518932,18.41650918,19.21286229,,16.87176785,2016-06-19T11:35:04.389Z,2016-06-19T11:35:04.389Z,BmiChart
3606,f,AUS,65.5,-3.335889574,15.15567186,0.087892047,,13.28611805,13.4690344,13.77353197,14.35761687,15.15567186,16.19055603,,17.45501735,18.46196754,19.27305261,,16.89405345,2016-06-19T11:35:04.394Z,2016-06-19T11:35:04.394Z,BmiChart
3607,f,AUS,66.5,-3.325522491,15.16056419,0.088680264,,13.27668282,13.46075175,13.76728041,14.35567422,15.16056419,16.20612774,,17.48682523,18.50958858,19.33551875,,16.91819285,2016-06-19T11:35:04.399Z,2016-06-19T11:35:04.399Z,BmiChart
3608,f,AUS,67.5,-3.31307846,15.16677947,0.089489106,,13.26787651,13.45317191,13.76185216,14.35477623,15.16677947,16.22333502,,17.52056863,18.55931907,19.40019747,,16.94414613,2016-06-19T11:35:04.403Z,2016-06-19T11:35:04.403Z,BmiChart
3609,f,AUS,68.5,-3.298732648,15.17429464,0.090317434,,13.25970423,13.44629667,13.75724378,14.35491035,15.17429464,16.24214414,,17.55620345,18.6111062,19.46702632,,16.97187362,2016-06-19T11:35:04.408Z,2016-06-19T11:35:04.408Z,BmiChart
3610,f,AUS,69.5,-3.282653831,15.18308694,0.091164117,,13.25217076,13.44012761,13.75345175,14.35606415,15.18308694,16.26252167,,17.5936859,18.6648976,19.53594365,,17.00133593,2016-06-19T11:35:04.412Z,2016-06-19T11:35:04.412Z,BmiChart
3611,f,AUS,70.5,-3.265003896,15.1931339,0.092028028,,13.24528055,13.43466608,13.75047248,14.35822537,15.1931339,16.28443453,,17.63297244,18.72064127,19.60688859,,17.03249399,2016-06-19T11:35:04.417Z,2016-06-19T11:35:04.417Z,BmiChart
3612,f,AUS,71.5,-3.245937506,15.20441335,0.092908048,,13.23903773,13.42991321,13.74830229,14.36138186,15.20441335,16.30784995,,17.67401984,18.77828567,19.67980103,,17.065309,2016-06-19T11:35:04.421Z,2016-06-19T11:35:04.421Z,BmiChart
3613,f,AUS,72.5,-3.225606516,15.21690296,0.093803033,,13.23344678,13.42587042,13.74693776,14.36552155,15.21690296,16.33273474,,17.7167845,18.83777954,19.75462234,,17.09974172,2016-06-19T11:35:04.426Z,2016-06-19T11:35:04.426Z,BmiChart
3614,f,AUS,73.5,-3.204146115,15.2305815,0.094711916,,13.22851054,13.42253788,13.74637473,14.37063258,15.2305815,16.35905747,,17.7612244,18.89907229,19.83129333,,17.13575468,2016-06-19T11:35:04.430Z,2016-06-19T11:35:04.430Z,BmiChart
3615,f,AUS,74.5,-3.181690237,15.24542745,0.095633595,,13.22423251,13.41991629,13.74660941,14.37670312,15.24542745,16.38678602,,17.80729692,18.96211354,19.90975644,,17.17330968,2016-06-19T11:35:04.435Z,2016-06-19T11:35:04.435Z,BmiChart
3616,f,AUS,75.5,-3.158363475,15.26141966,0.096566992,,13.22061564,13.41800595,13.74763782,14.38372148,15.26141966,16.41588887,,17.85496,19.02685341,19.9899546,,17.21236911,2016-06-19T11:35:04.440Z,2016-06-19T11:35:04.440Z,BmiChart
3617,f,AUS,76.5,-3.134282833,15.27853728,0.097511046,,13.21766256,13.41680692,13.74945586,14.39167606,15.27853728,16.44633482,,17.90417191,19.09324243,20.07183146,,17.25289572,2016-06-19T11:35:04.444Z,2016-06-19T11:35:04.444Z,BmiChart
3618,f,AUS,77.5,-3.109557879,15.29675967,0.09846471,,13.21537563,13.41631905,13.75205934,14.40055533,15.29675967,16.478093,,17.95489128,19.16123158,20.15533137,,17.29485256,2016-06-19T11:35:04.448Z,2016-06-19T11:35:04.448Z,BmiChart
3619,f,AUS,78.5,-3.084290931,15.31606644,0.099426955,,13.2137569,13.41654198,13.75544399,14.41034784,15.31606644,16.51113288,,18.00707707,19.23077228,20.24039941,,17.33820304,2016-06-19T11:35:04.453Z,2016-06-19T11:35:04.453Z,BmiChart
3620,f,AUS,79.5,-3.058577292,15.33643745,0.100396769,,13.21280815,13.41747514,13.7596054,14.42104223,15.33643745,16.54542424,,18.06068861,19.30181639,20.32698132,,17.38291092,2016-06-19T11:35:04.457Z,2016-06-19T11:35:04.457Z,BmiChart
3621,f,AUS,80.5,-3.032505499,15.35785274,0.101373159,,13.21253087,13.41911775,13.76453911,14.43262719,15.35785274,16.58093719,,18.11568557,19.37431624,20.41502357,,17.42894029,2016-06-19T11:35:04.461Z,2016-06-19T11:35:04.461Z,BmiChart
3622,f,AUS,81.5,-3.0061576,15.38029261,0.10235515,,13.2129263,13.42146884,13.7702405,14.44509148,15.38029261,16.61764214,,18.17202801,19.44822461,20.5044733,,17.4762556,2016-06-19T11:35:04.466Z,2016-06-19T11:35:04.466Z,BmiChart
3623,f,AUS,82.5,-2.979609448,15.40373754,0.103341788,,13.21399541,13.42452722,13.77670491,14.4584239,15.40373754,16.65550982,,18.22967635,19.52349477,20.59527834,,17.52482162,2016-06-19T11:35:04.470Z,2016-06-19T11:35:04.470Z,BmiChart
3624,f,AUS,83.5,-2.952930993,15.42816819,0.104332139,,13.2157389,13.42829152,13.78392751,14.4726133,15.42816819,16.69451128,,18.28859138,19.60008044,20.68738721,,17.57460349,2016-06-19T11:35:04.474Z,2016-06-19T11:35:04.474Z,BmiChart
3625,f,AUS,84.5,-2.926186592,15.45356545,0.105325289,,13.21815723,13.43276016,13.79190343,14.48764859,15.45356545,16.73461785,,18.34873428,19.67793583,20.7807491,,17.6255667,2016-06-19T11:35:04.479Z,2016-06-19T11:35:04.479Z,BmiChart
3626,f,AUS,85.5,-2.899435307,15.47991037,0.106320346,,13.22125062,13.43793139,13.80062765,14.50351871,15.47991037,16.77580119,,18.4100666,19.75701564,20.8753139,,17.67767708,2016-06-19T11:35:04.483Z,2016-06-19T11:35:04.483Z,BmiChart
3627,f,AUS,86.5,-2.872731211,15.50718419,0.10731644,,13.22501902,13.44380325,13.81009508,14.52021262,15.50718419,16.81803321,,18.47255029,19.83727506,20.97103216,,17.7309008,2016-06-19T11:35:04.488Z,2016-06-19T11:35:04.488Z,BmiChart
3628,f,AUS,87.5,-2.846123683,15.53536829,0.108312721,,13.22946217,13.45037362,13.82030049,14.53771933,15.53536829,16.86128616,,18.53614768,19.91866977,21.06785511,,17.78520438,2016-06-19T11:35:04.492Z,2016-06-19T11:35:04.492Z,BmiChart
3629,f,AUS,88.5,-2.819657704,15.56444426,0.109308364,,13.23457958,13.45764018,13.83123858,14.55602787,15.56444426,16.90553254,,18.60082149,20.00115598,21.16573466,,17.8405547,2016-06-19T11:35:04.497Z,2016-06-19T11:35:04.497Z,BmiChart
3630,f,AUS,89.5,-2.793374145,15.5943938,0.110302563,,13.24037052,13.46560044,13.84290393,14.57512728,15.5943938,16.95074515,,18.66653485,20.08469037,21.2646234,,17.89691898,2016-06-19T11:35:04.503Z,2016-06-19T11:35:04.503Z,BmiChart
3631,f,AUS,90.5,-2.767310047,15.6251988,0.111294537,,13.24683405,13.47425174,13.85529103,14.59500664,15.6251988,16.99689705,,18.73325124,20.16923016,21.3644746,,17.95426475,2016-06-19T11:35:04.509Z,2016-06-19T11:35:04.509Z,BmiChart
3632,f,AUS,91.5,-2.741498897,15.65684126,0.112283526,,13.25396902,13.48359125,13.86839426,14.61565502,15.65684126,17.04396158,,18.80093458,20.25473307,21.46524221,,18.01255992,2016-06-19T11:35:04.515Z,2016-06-19T11:35:04.515Z,BmiChart
3633,f,AUS,92.5,-2.715970894,15.68930333,0.113268793,,13.26177409,13.49361598,13.8822079,14.63706153,15.68930333,17.09191233,,18.86954915,20.34115737,21.56688088,,18.07177271,2016-06-19T11:35:04.521Z,2016-06-19T11:35:04.521Z,BmiChart
3634,f,AUS,93.5,-2.690753197,15.7225673,0.114249622,,13.27024769,13.50432278,13.89672614,14.65921526,15.7225673,17.14072316,,18.93905963,20.42846182,21.66934595,,18.13187166,2016-06-19T11:35:04.526Z,2016-06-19T11:35:04.526Z,BmiChart
3635,f,AUS,94.5,-2.665870146,15.75661555,0.115225321,,13.27938808,13.51570835,13.91194308,14.68210532,15.75661555,17.19036814,,19.00943108,20.51660573,21.77259347,,18.19282565,2016-06-19T11:35:04.531Z,2016-06-19T11:35:04.531Z,BmiChart
3636,f,AUS,95.5,-2.641343436,15.79143062,0.116195218,,13.28919334,13.52776922,13.9278527,14.70572083,15.79143062,17.24082164,,19.08062897,20.60554896,21.87658015,,18.25460388,2016-06-19T11:35:04.535Z,2016-06-19T11:35:04.535Z,BmiChart
3637,f,AUS,96.5,-2.617192204,15.82699517,0.117158667,,13.2996613,13.54050176,13.9444489,14.7300509,15.82699517,17.29205828,,19.15261918,20.69525186,21.98126336,,18.31717594,2016-06-19T11:35:04.540Z,2016-06-19T11:35:04.540Z,BmiChart
3638,f,AUS,97.5,-2.593430614,15.86329241,0.118115073,,13.31078904,13.55390172,13.96172519,14.75508471,15.86329241,17.34405364,,19.22536854,20.78567525,22.08660008,,18.38051241,2016-06-19T11:35:04.545Z,2016-06-19T11:35:04.545Z,BmiChart
3639,f,AUS,98.5,-2.570076037,15.90030484,0.119063807,,13.32257456,13.56796556,13.97967549,14.78081132,15.90030484,17.39678222,,19.29884326,20.87678068,22.19254999,,18.44458291,2016-06-19T11:35:04.550Z,2016-06-19T11:35:04.550Z,BmiChart
3640,f,AUS,99.5,-2.547141473,15.93801545,0.12000429,,13.33501512,13.58268918,13.99829338,14.80721981,15.93801545,17.45021936,,19.3730104,20.96853014,22.29907253,,18.50935798,2016-06-19T11:35:04.555Z,2016-06-19T11:35:04.555Z,BmiChart
3641,f,AUS,100.5,-2.524635245,15.97640787,0.120935994,,13.34810726,13.59806788,14.01757212,14.83429943,15.97640787,17.50434149,,19.44783809,21.06088607,22.4061266,,18.57480931,2016-06-19T11:35:04.559Z,2016-06-19T11:35:04.559Z,BmiChart
3642,f,AUS,101.5,-2.502569666,16.01546483,0.121858355,,13.36184843,13.61409768,14.0375053,14.86203913,16.01546483,17.55912371,,19.52329364,21.15381165,22.51367407,,18.6409074,2016-06-19T11:35:04.564Z,2016-06-19T11:35:04.564Z,BmiChart
3643,f,AUS,102.5,-2.48095189,16.05516984,0.12277087,,13.37623516,13.63077388,14.05808613,14.89042805,16.05516984,17.61454239,,19.59934557,21.24727049,22.62167597,,18.70762408,2016-06-19T11:35:04.568Z,2016-06-19T11:35:04.568Z,BmiChart
3644,f,AUS,103.5,-2.459785573,16.09550688,0.123673085,,13.39126329,13.6480912,14.07930747,14.91945533,16.09550688,17.67057478,,19.67596331,21.34122666,22.73009308,,18.77493214,2016-06-19T11:35:04.573Z,2016-06-19T11:35:04.573Z,BmiChart
3645,f,AUS,104.5,-2.439080117,16.13645881,0.124564484,,13.40693007,13.6660455,14.1011628,14.94910996,16.13645881,17.72719638,,19.75311515,21.43564505,22.8388898,,18.84280276,2016-06-19T11:35:04.578Z,2016-06-19T11:35:04.578Z,BmiChart
3646,f,AUS,105.5,-2.418838304,16.17800955,0.125444639,,13.42323134,13.68463148,14.12364494,14.97938101,16.17800955,17.78438449,,19.830771,21.5304909,22.94802887,,18.91120897,2016-06-19T11:35:04.585Z,2016-06-19T11:35:04.585Z,BmiChart
3647,f,AUS,106.5,-2.399063683,16.22014281,0.126313121,,13.44016315,13.70384401,14.1467468,15.01025752,16.22014281,17.84211614,,19.90890079,21.62573005,23.05747448,,18.98012366,2016-06-19T11:35:04.591Z,2016-06-19T11:35:04.591Z,BmiChart
3648,f,AUS,107.5,-2.379756861,16.26284277,0.127169545,,13.45772088,13.72367745,14.17046092,15.04172856,16.26284277,17.9003692,,19.98747533,21.72132885,23.16719057,,19.04952063,2016-06-19T11:35:04.596Z,2016-06-19T11:35:04.596Z,BmiChart
3649,f,AUS,108.5,-2.360920527,16.30609316,0.128013515,,13.47590046,13.74412656,14.19478013,15.0737831,16.30609316,17.95912092,,20.06646519,21.8172543,23.27714304,,19.11937316,2016-06-19T11:35:04.601Z,2016-06-19T11:35:04.601Z,BmiChart
3650,f,AUS,109.5,-2.342557728,16.34987759,0.128844639,,13.49469797,13.7651862,14.21969726,15.10641007,16.34987759,18.01834843,,20.14584104,21.91347402,23.38729906,,19.18965453,2016-06-19T11:35:04.606Z,2016-06-19T11:35:04.606Z,BmiChart
3651,f,AUS,110.5,-2.324663326,16.39418118,0.129662637,,13.51410735,13.78684956,14.24520415,15.13959859,16.39418118,18.07803138,,20.22557581,22.00995586,23.49762289,,19.26034062,2016-06-19T11:35:04.610Z,2016-06-19T11:35:04.610Z,BmiChart
3652,f,AUS,111.5,-2.307240716,16.43898741,0.130467138,,13.53412476,13.80911155,14.27129365,15.17333749,16.43898741,18.13814687,,20.30564061,22.10666864,23.60808381,,19.33140487,2016-06-19T11:35:04.615Z,2016-06-19T11:35:04.615Z,BmiChart
3653,f,AUS,112.5,-2.290287663,16.48428082,0.131257852,,13.55474487,13.83196589,14.29795787,15.20761574,16.48428082,18.19867379,,20.38600821,22.20358151,23.71864933,,19.4028226,2016-06-19T11:35:04.619Z,2016-06-19T11:35:04.619Z,BmiChart
3654,f,AUS,113.5,-2.273803847,16.53004554,0.132034479,,13.5759628,13.85540667,14.32518913,15.24242219,16.53004554,18.25959047,,20.46665117,22.30066429,23.82928884,,19.47456869,2016-06-19T11:35:04.624Z,2016-06-19T11:35:04.624Z,BmiChart
3655,f,AUS,114.5,-2.257782149,16.57626713,0.132796819,,13.59777181,13.87942647,14.35297886,15.27774591,16.57626713,18.32087764,,20.5475442,22.39788709,23.9399692,,19.54662051,2016-06-19T11:35:04.629Z,2016-06-19T11:35:04.629Z,BmiChart
3656,f,AUS,115.5,-2.242227723,16.62292864,0.133544525,,13.62016849,13.90402053,14.38132004,15.31357557,16.62292864,18.38251202,,20.628659,22.49522108,24.05066418,,19.6189515,2016-06-19T11:35:04.634Z,2016-06-19T11:35:04.634Z,BmiChart
3657,f,AUS,116.5,-2.227132805,16.67001572,0.134277436,,13.64314567,13.92918106,14.4102038,15.34990008,16.67001572,18.44447472,,20.70997108,22.59263755,24.16134214,,19.69153965,2016-06-19T11:35:04.639Z,2016-06-19T11:35:04.639Z,BmiChart
3658,f,AUS,117.5,-2.212495585,16.71751288,0.134995324,,13.66669786,13.95490163,14.43962209,15.38670828,16.71751288,18.50674506,,20.79145469,22.69010855,24.27197506,,19.7643612,2016-06-19T11:35:04.644Z,2016-06-19T11:35:04.644Z,BmiChart
3659,f,AUS,118.5,-2.19831275,16.76540496,0.135697996,,13.69081905,13.98117536,14.46956659,15.42398894,16.76540496,18.56930296,,20.87308482,22.78760665,24.38253502,,19.83739314,2016-06-19T11:35:04.648Z,2016-06-19T11:35:04.648Z,BmiChart
3660,f,AUS,119.5,-2.184580762,16.81367689,0.136385276,,13.71550304,14.00799522,14.50002883,15.46173083,16.81367689,18.63212859,,20.9548369,22.88510501,24.49299479,,19.91061278,2016-06-19T11:35:04.653Z,2016-06-19T11:35:04.653Z,BmiChart
3661,f,AUS,120.5,-2.171295888,16.86231366,0.137057004,,13.7407435,14.03535405,14.5310003,15.49992271,16.86231366,18.69520235,,21.03668675,22.98257733,24.60332779,,19.98399779,2016-06-19T11:35:04.657Z,2016-06-19T11:35:04.657Z,BmiChart
3662,f,AUS,121.5,-2.158454232,16.91130036,0.137713039,,13.7665339,14.06324456,14.56247234,15.53855329,16.91130036,18.75850486,,21.11861063,23.07999788,24.7135081,,20.05752615,2016-06-19T11:35:04.662Z,2016-06-19T11:35:04.662Z,BmiChart
3663,f,AUS,122.5,-2.146051754,16.96062216,0.138353254,,13.79286758,14.0916593,14.59443621,15.57761127,16.96062216,18.82201698,,21.20058521,23.17734149,24.8235105,,20.13117619,2016-06-19T11:35:04.668Z,2016-06-19T11:35:04.668Z,BmiChart
3664,f,AUS,123.5,-2.134084303,17.0102643,0.138977537,,13.81973772,14.12059071,14.62688307,15.61708531,17.0102643,18.8857198,,21.28258757,23.27458358,24.93331042,,20.20492657,2016-06-19T11:35:04.672Z,2016-06-19T11:35:04.672Z,BmiChart
3665,f,AUS,124.5,-2.122547629,17.06021213,0.139585795,,13.84713731,14.15003106,14.65980398,15.65696405,17.06021213,18.94959465,,21.36459523,23.3717001,25.04288396,,20.27875629,2016-06-19T11:35:04.676Z,2016-06-19T11:35:04.676Z,BmiChart
3666,f,AUS,125.5,-2.111437411,17.11045106,0.140177947,,13.87505922,14.17997251,14.69318989,15.69723611,17.11045106,19.01362305,,21.44658611,23.46866758,25.1522079,,20.35264468,2016-06-19T11:35:04.681Z,2016-06-19T11:35:04.681Z,BmiChart
3667,f,AUS,126.5,-2.100749266,17.16096656,0.140753927,,13.90349614,14.21040706,14.72703166,15.73789008,17.16096656,19.07778681,,21.52853856,23.56546313,25.26125968,,20.42657139,2016-06-19T11:35:04.685Z,2016-06-19T11:35:04.685Z,BmiChart
3668,f,AUS,127.5,-2.090478774,17.21174424,0.141313686,,13.9324406,14.2413266,14.76132003,15.77891452,17.21174424,19.14206792,,21.61043134,23.6620644,25.37001743,,20.50051644,2016-06-19T11:35:04.689Z,2016-06-19T11:35:04.689Z,BmiChart
3669,f,AUS,128.5,-2.080621484,17.26276973,0.141857186,,13.96188497,14.27272286,14.79604567,15.82029796,17.26276973,19.20644863,,21.69224364,23.7584496,25.47845992,,20.57446015,2016-06-19T11:35:04.694Z,2016-06-19T11:35:04.694Z,BmiChart
3670,f,AUS,129.5,-2.071172932,17.31402878,0.142384404,,13.99182148,14.30458743,14.83119912,15.86202891,17.31402878,19.2709114,,21.77395506,23.85459754,25.58656661,,20.64838321,2016-06-19T11:35:04.698Z,2016-06-19T11:35:04.698Z,BmiChart
3671,f,AUS,130.5,-2.062128649,17.3655072,0.142895332,,14.02224218,14.33691178,14.86677084,15.90409584,17.3655072,19.33543894,,21.85554562,23.95048756,25.69431763,,20.72226661,2016-06-19T11:35:04.702Z,2016-06-19T11:35:04.702Z,BmiChart
3672,f,AUS,131.5,-2.053484173,17.4171909,0.143389972,,14.05313898,14.36968723,14.90275116,15.94648722,17.4171909,19.40001418,,21.93699575,24.04609957,25.80169379,,20.79609169,2016-06-19T11:35:04.707Z,2016-06-19T11:35:04.707Z,BmiChart
3673,f,AUS,132.5,-2.045235058,17.46906585,0.143868341,,14.0845036,14.40290497,14.93913036,15.98919146,17.46906585,19.46462028,,22.01828633,24.14141407,25.90867656,,20.86984014,2016-06-19T11:35:04.711Z,2016-06-19T11:35:04.711Z,BmiChart
3674,f,AUS,133.5,-2.03737688,17.52111811,0.144330469,,14.11632765,14.43655605,14.97589856,16.03219696,17.52111811,19.52924064,,22.09939861,24.23641208,26.01524807,,20.94349396,2016-06-19T11:35:04.716Z,2016-06-19T11:35:04.716Z,BmiChart
3675,f,AUS,134.5,-2.029906684,17.57333347,0.144776372,,14.14860307,14.47063181,15.01304607,16.07549205,17.57333347,19.59385826,,22.18031382,24.33107526,26.12139201,,21.01703489,2016-06-19T11:35:04.720Z,2016-06-19T11:35:04.720Z,BmiChart
3676,f,AUS,135.5,-2.022817914,17.62569869,0.145206138,,14.18132032,14.50512237,15.05056245,16.11906513,17.62569869,19.65845792,,22.26101479,24.4253857,26.22709056,,21.09044653,2016-06-19T11:35:04.724Z,2016-06-19T11:35:04.724Z,BmiChart
3677,f,AUS,136.5,-2.016107084,17.67819987,0.145619819,,14.21447084,14.54001862,15.08843769,16.1629045,17.67819987,19.72302336,,22.34148377,24.51932616,26.33232837,,21.16371155,2016-06-19T11:35:04.729Z,2016-06-19T11:35:04.729Z,BmiChart
3678,f,AUS,137.5,-2.009769905,17.7308234,0.146017491,,14.24804556,14.57531107,15.12666154,16.20699844,17.7308234,19.78753889,,22.42170373,24.61287993,26.43709027,,21.2368133,2016-06-19T11:35:04.733Z,2016-06-19T11:35:04.733Z,BmiChart
3679,f,AUS,138.5,-2.003802134,17.78355575,0.146399239,,14.28203528,14.61099007,15.16522362,16.25133521,17.78355575,19.85198907,,22.50165801,24.70603086,26.54136175,,21.30973548,2016-06-19T11:35:04.738Z,2016-06-19T11:35:04.738Z,BmiChart
3680,f,AUS,139.5,-1.998199572,17.83638347,0.146765161,,14.31643062,14.64704584,15.20411349,16.29590305,17.83638347,19.91635869,,22.58133043,24.79876336,26.64512897,,21.38246211,2016-06-19T11:35:04.742Z,2016-06-19T11:35:04.742Z,BmiChart
3681,f,AUS,140.5,-1.992958064,17.88929321,0.147115364,,14.35122206,14.68346846,15.24332057,16.34069017,17.88929321,19.98063276,,22.66070517,24.89106241,26.74837878,,21.45497756,2016-06-19T11:35:04.747Z,2016-06-19T11:35:04.747Z,BmiChart
3682,f,AUS,141.5,-1.988073505,17.94227168,0.147449967,,14.3863999,14.72024789,15.28283421,16.38568475,17.94227168,20.04479655,,22.73976686,24.98291353,26.85109867,,21.52726655,2016-06-19T11:35:04.751Z,2016-06-19T11:35:04.751Z,BmiChart
3683,f,AUS,142.5,-1.983541835,17.9953057,0.147769097,,14.42195429,14.75737391,15.32264362,16.43087493,17.9953057,20.10883554,,22.81850056,25.07430281,26.95327681,,21.5993141,2016-06-19T11:35:04.756Z,2016-06-19T11:35:04.756Z,BmiChart
3684,f,AUS,143.5,-1.979359041,18.04838216,0.148072891,,14.45787522,14.7948362,15.36273794,16.47624886,18.04838216,20.17273546,,22.89689172,25.16521691,27.05490205,,21.6711056,2016-06-19T11:35:04.761Z,2016-06-19T11:35:04.761Z,BmiChart
3685,f,AUS,144.5,-1.975521156,18.10148804,0.148361495,,14.4941525,14.83262428,15.40310619,16.52179463,18.10148804,20.23648228,,22.97492622,25.25564304,27.15596389,,21.74262677,2016-06-19T11:35:04.766Z,2016-06-19T11:35:04.766Z,BmiChart
3686,f,AUS,145.5,-1.972024258,18.15461039,0.148635067,,14.53077581,14.87072753,15.44373731,16.56750033,18.15461039,20.30006219,,23.05259037,25.34556897,27.25645252,,21.81386368,2016-06-19T11:35:04.770Z,2016-06-19T11:35:04.770Z,BmiChart
3687,f,AUS,146.5,-1.968864465,18.20773639,0.148893769,,14.56773463,14.90913518,15.4846201,16.61335399,18.20773639,20.36346164,,23.12987089,25.43498301,27.35635878,,21.88480271,2016-06-19T11:35:04.775Z,2016-06-19T11:35:04.775Z,BmiChart
3688,f,AUS,147.5,-1.966037938,18.26085325,0.149137776,,14.6050183,14.94783635,15.52574328,16.65934366,18.26085325,20.42666729,,23.20675491,25.52387405,27.45567419,,21.95543061,2016-06-19T11:35:04.779Z,2016-06-19T11:35:04.779Z,BmiChart
3689,f,AUS,148.5,-1.963540872,18.31394832,0.14936727,,14.64261599,14.98681999,15.56709547,16.70545732,18.31394832,20.48966607,,23.28322999,25.61223153,27.55439092,,22.02573445,2016-06-19T11:35:04.784Z,2016-06-19T11:35:04.784Z,BmiChart
3690,f,AUS,149.5,-1.961369499,18.36700902,0.149582439,,14.68051671,15.0260749,15.60866519,16.75168297,18.36700902,20.55244514,,23.35928412,25.70004544,27.65250183,,22.09570166,2016-06-19T11:35:04.788Z,2016-06-19T11:35:04.788Z,BmiChart
3691,f,AUS,150.5,-1.959520079,18.42002284,0.149783482,,14.7187093,15.06558978,15.65044083,16.79800855,18.42002284,20.61499187,,23.43490568,25.78730634,27.75000043,,22.16531999,2016-06-19T11:35:04.792Z,2016-06-19T11:35:04.792Z,BmiChart
3692,f,AUS,151.5,-1.9579889,18.47297739,0.149970604,,14.75718241,15.10535314,15.6924107,16.844422,18.47297739,20.67729392,,23.51008349,25.87400532,27.8468809,,22.23457754,2016-06-19T11:35:04.797Z,2016-06-19T11:35:04.797Z,BmiChart
3693,f,AUS,152.5,-1.956772271,18.52586035,0.15014402,,14.79592458,15.14535337,15.734563,16.89091121,18.52586035,20.73933915,,23.58480678,25.96013405,27.9431381,,22.30346276,2016-06-19T11:35:04.801Z,2016-06-19T11:35:04.801Z,BmiChart
3694,f,AUS,153.5,-1.95586652,18.57865951,0.15030395,,14.83492412,15.18557871,15.77688582,16.93746408,18.57865951,20.80111569,,23.65906521,26.04568474,28.03876753,,22.37196443,2016-06-19T11:35:04.805Z,2016-06-19T11:35:04.805Z,BmiChart
3695,f,AUS,154.5,-1.955267984,18.63136275,0.150450621,,14.87416922,15.22601726,15.81936717,16.98406846,18.63136275,20.86261191,,23.73284885,26.13065016,28.13376538,,22.44007167,2016-06-19T11:35:04.810Z,2016-06-19T11:35:04.810Z,BmiChart
3696,f,AUS,155.5,-1.954973011,18.68395801,0.15058427,,14.91364786,15.26665697,15.86199492,17.0307122,18.68395801,20.9238164,,23.80614819,26.21502362,28.22812848,,22.50777397,2016-06-19T11:35:04.815Z,2016-06-19T11:35:04.815Z,BmiChart
3697,f,AUS,156.5,-1.954977947,18.73643338,0.150705138,,14.95334789,15.30748565,15.90475685,17.07738309,18.73643338,20.98471803,,23.87895414,26.298799,28.32185435,,22.57506113,2016-06-19T11:35:04.820Z,2016-06-19T11:35:04.820Z,BmiChart
3698,f,AUS,157.5,-1.955279136,18.788777,0.150813475,,14.99325696,15.34849095,15.94764066,17.12406895,18.788777,21.04530589,,23.95125804,26.38197072,28.41494115,,22.6419233,2016-06-19T11:35:04.825Z,2016-06-19T11:35:04.825Z,BmiChart
3699,f,AUS,158.5,-1.955872909,18.84097713,0.150909535,,15.03336257,15.38966039,15.9906339,17.17075754,18.84097713,21.10556932,,24.02305164,26.46453376,28.50738772,,22.70835101,2016-06-19T11:35:04.829Z,2016-06-19T11:35:04.829Z,BmiChart
3700,f,AUS,159.5,-1.956755579,18.89302212,0.150993582,,15.07365202,15.43098133,16.03372404,17.21743662,18.89302212,21.16549792,,24.0943271,26.54648363,28.59919355,,22.77433508,2016-06-19T11:35:04.833Z,2016-06-19T11:35:04.833Z,BmiChart
3701,f,AUS,160.5,-1.957923436,18.94490041,0.151065883,,15.11411246,15.47244099,16.07689846,17.2640939,18.94490041,21.22508152,,24.16507702,26.62781643,28.69035881,,22.83986672,2016-06-19T11:35:04.838Z,2016-06-19T11:35:04.838Z,BmiChart
3702,f,AUS,161.5,-1.959372737,18.99660055,0.151126714,,15.15473086,15.51402643,16.1201444,17.31071712,18.99660055,21.28431023,,24.23529442,26.70852876,28.7808843,,22.90493747,2016-06-19T11:35:04.842Z,2016-06-19T11:35:04.842Z,BmiChart
3703,f,AUS,162.5,-1.9610997,19.04811118,0.151176355,,15.19549401,15.55572457,16.16344901,17.35729394,19.04811118,21.34317438,,24.30497273,26.78861781,28.8707715,,22.96953922,2016-06-19T11:35:04.847Z,2016-06-19T11:35:04.847Z,BmiChart
3704,f,AUS,163.5,-1.963100496,19.09942105,0.151215094,,15.23638853,15.59752218,16.20679934,17.40381205,19.09942105,21.40166456,,24.37410579,26.8680813,28.96002256,,23.03366421,2016-06-19T11:35:04.851Z,2016-06-19T11:35:04.851Z,BmiChart
3705,f,AUS,164.5,-1.96537124,19.15051899,0.151243223,,15.27740086,15.63940588,16.25018232,17.45025909,19.15051899,21.45977162,,24.4426879,26.94691749,29.04864025,,23.09730502,2016-06-19T11:35:04.856Z,2016-06-19T11:35:04.856Z,BmiChart
3706,f,AUS,165.5,-1.967907983,19.20139397,0.151261042,,15.31851726,15.68136213,16.2935848,17.4966227,19.20139397,21.51748666,,24.51071375,27.02512521,29.13662805,,23.16045458,2016-06-19T11:35:04.860Z,2016-06-19T11:35:04.860Z,BmiChart
3707,f,AUS,166.5,-1.970706706,19.25203503,0.151268855,,15.35972381,15.72337724,16.33699348,17.54289048,19.25203503,21.57480102,,24.57817846,27.10270382,29.22399004,,23.2231062,2016-06-19T11:35:04.865Z,2016-06-19T11:35:04.865Z,BmiChart
3708,f,AUS,167.5,-1.973763307,19.30243131,0.151266974,,15.40100642,15.76543738,16.38039498,17.58905003,19.30243131,21.63170632,,24.64507758,27.17965324,29.31073101,,23.28525349,2016-06-19T11:35:04.870Z,2016-06-19T11:35:04.870Z,BmiChart
3709,f,AUS,168.5,-1.977073595,19.35257209,0.151255713,,15.44235082,15.80752854,16.42377582,17.63508894,19.35257209,21.68819441,,24.71140708,27.25597392,29.39685635,,23.34689045,2016-06-19T11:35:04.875Z,2016-06-19T11:35:04.875Z,BmiChart
3710,f,AUS,169.5,-1.980633277,19.40244671,0.151235395,,15.48374254,15.84963659,16.46712239,17.68099474,19.40244671,21.74425743,,24.77716335,27.33166687,29.48237214,,23.40801143,2016-06-19T11:35:04.881Z,2016-06-19T11:35:04.881Z,BmiChart
3711,f,AUS,170.5,-1.984437954,19.45204465,0.151206347,,15.52516693,15.89174721,16.51042098,17.72675499,19.45204465,21.79988774,,24.8423432,27.40673363,29.56728511,,23.46861112,2016-06-19T11:35:04.885Z,2016-06-19T11:35:04.885Z,BmiChart
3712,f,AUS,171.5,-1.988483106,19.50135548,0.151168902,,15.56660919,15.93384595,16.55365778,17.7723572,19.50135548,21.855078,,24.90694389,27.4811763,29.65160263,,23.52868458,2016-06-19T11:35:04.890Z,2016-06-19T11:35:04.890Z,BmiChart
3713,f,AUS,172.5,-1.992764085,19.55036888,0.151123398,,15.60805429,15.97591819,16.59681886,17.81778887,19.55036888,21.90982109,,24.97096308,27.55499753,29.73533271,,23.5882272,2016-06-19T11:35:04.894Z,2016-06-19T11:35:04.894Z,BmiChart
3714,f,AUS,173.5,-1.997276103,19.59907464,0.15107018,,15.64948704,16.01794916,16.63989017,17.86303751,19.59907464,21.96411019,,25.03439887,27.62820049,29.81848403,,23.64723476,2016-06-19T11:35:04.899Z,2016-06-19T11:35:04.899Z,BmiChart
3715,f,AUS,174.5,-2.002014224,19.64746266,0.151009595,,15.69089206,16.05992392,16.68285759,17.90809056,19.64746266,22.01793871,,25.09724977,27.70078892,29.90106591,,23.70570337,2016-06-19T11:35:04.904Z,2016-06-19T11:35:04.904Z,BmiChart
3716,f,AUS,175.5,-2.00697335,19.69552294,0.150942,,15.73225378,16.10182739,16.72570683,17.95293549,19.69552294,22.07130033,,25.15951476,27.77276709,29.9830883,,23.76362952,2016-06-19T11:35:04.908Z,2016-06-19T11:35:04.908Z,BmiChart
3717,f,AUS,176.5,-2.012148213,19.7432456,0.150867753,,15.77355644,16.14364432,16.76842355,17.99755974,19.7432456,22.12418902,,25.22119319,27.84413981,30.06456182,,23.82101004,2016-06-19T11:35:04.912Z,2016-06-19T11:35:04.912Z,BmiChart
3718,f,AUS,177.5,-2.017533363,19.79062086,0.150787221,,15.8147841,16.1853593,16.81099326,18.04195071,19.79062086,22.17659899,,25.28228489,27.91491246,30.14549772,,23.87784214,2016-06-19T11:35:04.917Z,2016-06-19T11:35:04.917Z,BmiChart
3719,f,AUS,178.5,-2.023123159,19.83763907,0.150700774,,15.85592062,16.22695676,16.85340136,18.08609581,19.83763907,22.22852472,,25.3427901,27.98509093,30.22590789,,23.93412338,2016-06-19T11:35:04.922Z,2016-06-19T11:35:04.922Z,BmiChart
3720,f,AUS,179.5,-2.028911755,19.88429066,0.150608788,,15.89694967,16.26842096,16.89563315,18.12998242,19.88429066,22.27996095,,25.40270949,28.05468167,30.30580486,,23.98985168,2016-06-19T11:35:04.926Z,2016-06-19T11:35:04.926Z,BmiChart
3721,f,AUS,180.5,-2.034893091,19.9305662,0.150511645,,15.93785473,16.30973602,16.93767383,18.17359792,19.9305662,22.33090272,,25.46204417,28.12369169,30.3852018,,24.04502533,2016-06-19T11:35:04.931Z,2016-06-19T11:35:04.931Z,BmiChart
3722,f,AUS,181.5,-2.041060881,19.97645636,0.150409731,,15.97861909,16.35088587,16.97950845,18.21692964,19.97645636,22.3813453,,25.52079568,28.19212851,30.46411251,,24.09964299,2016-06-19T11:35:04.935Z,2016-06-19T11:35:04.935Z,BmiChart
3723,f,AUS,182.5,-2.047408604,20.02195192,0.15030344,,16.01922586,16.3918543,17.02112198,18.25996492,20.02195192,22.43128425,,25.578966,28.26000023,30.54255145,,24.15370368,2016-06-19T11:35:04.940Z,2016-06-19T11:35:04.940Z,BmiChart
3724,f,AUS,183.5,-2.05392949,20.06704377,0.150193169,,16.05965792,16.43262492,17.06249925,18.30269107,20.06704377,22.4807154,,25.63655753,28.32731547,30.62053368,,24.20720678,2016-06-19T11:35:04.944Z,2016-06-19T11:35:04.944Z,BmiChart
3725,f,AUS,184.5,-2.060616513,20.11172291,0.150079322,,16.09989799,16.47318119,17.10362501,18.34509539,20.11172291,22.52963484,,25.69357313,28.3940834,30.69807493,,24.26015204,2016-06-19T11:35:04.949Z,2016-06-19T11:35:04.949Z,BmiChart
3726,f,AUS,185.5,-2.067462375,20.15598047,0.149962308,,16.13992859,16.5135064,17.14448385,18.38716515,20.15598047,22.57803895,,25.75001608,28.46031375,30.77519152,,24.3125396,2016-06-19T11:35:04.953Z,2016-06-19T11:35:04.953Z,BmiChart
3727,f,AUS,186.5,-2.074459502,20.19980767,0.14984254,,16.17973203,16.55358366,17.18506029,18.42888762,20.19980767,22.62592435,,25.80589011,28.52601678,30.85190042,,24.36436993,2016-06-19T11:35:04.958Z,2016-06-19T11:35:04.958Z,BmiChart
3728,f,AUS,187.5,-2.081600029,20.24319586,0.149720441,,16.21929043,16.59339594,17.22533871,18.47025003,20.24319586,22.67328797,,25.86119939,28.59120331,30.92821925,,24.41564391,2016-06-19T11:35:04.963Z,2016-06-19T11:35:04.963Z,BmiChart
3729,f,AUS,188.5,-2.088875793,20.28613648,0.149596434,,16.25858573,16.63292602,17.26530336,18.5112396,20.28613648,22.72012699,,25.91594853,28.6558847,31.00416621,,24.46636278,2016-06-19T11:35:04.967Z,2016-06-19T11:35:04.967Z,BmiChart
3730,f,AUS,189.5,-2.096278323,20.32862109,0.149470953,,16.29759966,16.67215653,17.30493841,18.55184353,20.32862109,22.76643886,,25.97014258,28.72007286,31.07976017,,24.51652812,2016-06-19T11:35:04.971Z,2016-06-19T11:35:04.971Z,BmiChart
3731,f,AUS,190.5,-2.103798828,20.37064138,0.149344433,,16.33631375,16.71106993,17.34422789,18.592049,20.37064138,22.81222132,,26.02378703,28.78378025,31.15502058,,24.56614194,2016-06-19T11:35:04.976Z,2016-06-19T11:35:04.976Z,BmiChart
3732,f,AUS,191.5,-2.111428194,20.41218911,0.149217319,,16.37470935,16.74964852,17.38315572,18.63184317,20.41218911,22.85747235,,26.07688783,28.84701989,31.22996756,,24.61520657,2016-06-19T11:35:04.980Z,2016-06-19T11:35:04.980Z,BmiChart
3733,f,AUS,192.5,-2.119156972,20.45325617,0.14909006,,16.4127676,16.78787442,17.4217057,18.67121316,20.45325617,22.90219024,,26.12945136,28.90980533,31.30462183,,24.66372475,2016-06-19T11:35:04.985Z,2016-06-19T11:35:04.985Z,BmiChart
3734,f,AUS,193.5,-2.126975375,20.49383457,0.14896311,,16.45046946,16.82572959,17.4598615,18.7101461,20.49383457,22.94637354,,26.18148447,28.97215071,31.37900471,,24.71169957,2016-06-19T11:35:04.990Z,2016-06-19T11:35:04.990Z,BmiChart
3735,f,AUS,194.5,-2.134873266,20.5339164,0.148836931,,16.48779567,16.86319583,17.49760671,18.74862906,20.5339164,22.99002104,,26.23299442,29.03407069,31.45313817,,24.75913451,2016-06-19T11:35:04.994Z,2016-06-19T11:35:04.994Z,BmiChart
3736,f,AUS,195.5,-2.142840157,20.57349387,0.148711989,,16.52472682,16.90025476,17.53492476,18.78664912,20.57349387,23.03313184,,26.28398896,29.0955805,31.5270448,,24.80603342,2016-06-19T11:35:04.999Z,2016-06-19T11:35:04.999Z,BmiChart
3737,f,AUS,196.5,-2.150865204,20.61255929,0.148588757,,16.56124326,16.93688787,17.57179899,18.82419331,20.61255929,23.07570528,,26.33447627,29.15669594,31.6007478,,24.85240053,2016-06-19T11:35:05.004Z,2016-06-19T11:35:05.004Z,BmiChart
3738,f,AUS,197.5,-2.158937201,20.65110506,0.148467715,,16.59732518,16.97307644,17.60821261,18.86124863,20.65110506,23.11774099,,26.38446498,29.21743336,31.67427098,,24.89824041,2016-06-19T11:35:05.009Z,2016-06-19T11:35:05.009Z,BmiChart
3739,f,AUS,198.5,-2.167044578,20.6891237,0.148349348,,16.63295257,17.00880162,17.64414872,18.89780209,20.6891237,23.15923885,,26.43396418,29.27780966,31.74763877,,24.94355805,2016-06-19T11:35:05.015Z,2016-06-19T11:35:05.015Z,BmiChart
3740,f,AUS,199.5,-2.175176987,20.72660728,0.14823412,,16.6681059,17.04404492,17.67959061,18.93384056,20.72660728,23.2001981,,26.48298259,29.33784232,31.8208776,,24.98835785,2016-06-19T11:35:05.020Z,2016-06-19T11:35:05.020Z,BmiChart
3741,f,AUS,200.5,-2.183317362,20.76355011,0.148122614,,16.70276277,17.07878553,17.71452019,18.96935117,20.76355011,23.24062188,,26.53153263,29.39754939,31.89400908,,25.03264836,2016-06-19T11:35:05.024Z,2016-06-19T11:35:05.024Z,BmiChart
3742,f,AUS,201.5,-2.191457792,20.79994337,0.148015249,,16.73690461,17.11300574,17.74892115,19.00432062,20.79994337,23.28050814,,26.57962232,29.45694948,31.96706354,,25.07643282,2016-06-19T11:35:05.029Z,2016-06-19T11:35:05.029Z,BmiChart
3743,f,AUS,202.5,-2.199583649,20.83578051,0.147912564,,16.77050999,17.14668547,17.78277581,19.03873583,20.83578051,23.31985872,,26.62726338,29.51606178,32.04006655,,25.11971866,2016-06-19T11:35:05.034Z,2016-06-19T11:35:05.034Z,BmiChart
3744,f,AUS,203.5,-2.207681525,20.87105449,0.147815078,,16.80355796,17.17980508,17.81606667,19.07258364,20.87105449,23.35867482,,26.67446717,29.57490604,32.11304561,,25.16251271,2016-06-19T11:35:05.039Z,2016-06-19T11:35:05.039Z,BmiChart
3745,f,AUS,204.5,-2.215737645,20.90575839,0.147723315,,16.83602739,17.21234472,17.8487761,19.10585083,20.90575839,23.39695789,,26.7212455,29.63350259,32.18602887,,25.20482218,2016-06-19T11:35:05.044Z,2016-06-19T11:35:05.044Z,BmiChart
3746,f,AUS,205.5,-2.223739902,20.93988477,0.147637768,,16.86789789,17.24428517,17.88088689,19.13852417,20.93988477,23.43470854,,26.76760965,29.69187236,32.25904682,,25.24665348,2016-06-19T11:35:05.048Z,2016-06-19T11:35:05.048Z,BmiChart
3747,f,AUS,206.5,-2.231667995,20.97342858,0.147559083,,16.89914528,17.27560407,17.91237975,19.1705904,20.97342858,23.4719319,,26.81357526,29.75003682,32.33212376,,25.28801794,2016-06-19T11:35:05.053Z,2016-06-19T11:35:05.053Z,BmiChart
3748,f,AUS,207.5,-2.239511942,21.00638171,0.147487716,,16.92975012,17.30628297,17.9432379,19.20203617,21.00638171,23.50862756,,26.85915312,29.80801808,32.40529387,,25.32892108,2016-06-19T11:35:05.058Z,2016-06-19T11:35:05.058Z,BmiChart
3749,f,AUS,208.5,-2.247257081,21.0387374,0.14742421,,16.95969079,17.33630159,17.97344339,19.23284815,21.0387374,23.54479768,,26.90435663,29.8658388,32.47858818,,25.3693713,2016-06-19T11:35:05.062Z,2016-06-19T11:35:05.062Z,BmiChart
3750,f,AUS,209.5,-2.254885145,21.07048996,0.147369174,,16.98894397,17.36563825,18.00297732,19.26301292,21.07048996,23.58044651,,26.94920132,29.92352223,32.55203545,,25.40937929,2016-06-19T11:35:05.067Z,2016-06-19T11:35:05.067Z,BmiChart
3751,f,AUS,210.5,-2.26238209,21.10163241,0.147323144,,17.01748828,17.39427286,18.03182181,19.29251705,21.10163241,23.61557603,,26.9937009,29.98109225,32.62566902,,25.44895346,2016-06-19T11:35:05.072Z,2016-06-19T11:35:05.072Z,BmiChart
3752,f,AUS,211.5,-2.269731517,21.13215845,0.147286698,,17.0453012,17.42218439,18.05995835,19.32134706,21.13215845,23.65018962,,27.03787056,30.03857329,32.69952105,,25.48810377,2016-06-19T11:35:05.078Z,2016-06-19T11:35:05.078Z,BmiChart
3753,f,AUS,212.5,-2.276917229,21.16206171,0.147260415,,17.07236026,17.44935184,18.08736842,19.34948942,21.16206171,23.68429059,,27.08172575,30.09599042,32.77362474,,25.52684029,2016-06-19T11:35:05.083Z,2016-06-19T11:35:05.083Z,BmiChart
3754,f,AUS,213.5,-2.283925442,21.1913351,0.147244828,,17.09864412,17.47575509,18.11403409,19.37693055,21.1913351,23.71788103,,27.12528094,30.15336926,32.84801632,,25.56517184,2016-06-19T11:35:05.087Z,2016-06-19T11:35:05.087Z,BmiChart
3755,f,AUS,214.5,-2.290731442,21.21997472,0.147240683,,17.12412619,17.50136974,18.13993458,19.4036568,21.21997472,23.75096919,,27.16855668,30.21073618,32.92272296,,25.603114,2016-06-19T11:35:05.092Z,2016-06-19T11:35:05.092Z,BmiChart
3756,f,AUS,215.5,-2.29732427,21.24797262,0.147248467,,17.14878634,17.52617667,18.16505254,19.4296545,21.24797262,23.78355579,,27.21156668,30.26811799,32.9977851,,25.64067435,2016-06-19T11:35:05.097Z,2016-06-19T11:35:05.097Z,BmiChart
3757,f,AUS,216.5,-2.303687802,21.27532239,0.14726877,,17.17260194,17.55015468,18.18936927,19.45490996,21.27532239,23.81564452,,27.25432769,30.32554216,33.07323931,,25.67786376,2016-06-19T11:35:05.102Z,2016-06-19T11:35:05.102Z,BmiChart
3758,f,AUS,217.5,-2.309799971,21.30201933,0.147302299,,17.19554744,17.57328018,18.21286444,19.47940934,21.30201933,23.84724252,,27.29685999,30.38303689,33.14911749,,25.714697,2016-06-19T11:35:05.107Z,2016-06-19T11:35:05.107Z,BmiChart
3759,f,AUS,218.5,-2.315651874,21.32805489,0.147349514,,17.21760352,17.59553468,18.23552108,19.50313889,21.32805489,23.8783497,,27.33917721,30.44063073,33.22546443,,25.75118107,2016-06-19T11:35:05.111Z,2016-06-19T11:35:05.111Z,BmiChart
3760,f,AUS,219.5,-2.32121731,21.35342563,0.147411215,,17.23874246,17.61689275,18.25731763,19.52608462,21.35342563,23.90897582,,27.38130268,30.49835324,33.30230965,,25.7873338,2016-06-19T11:35:05.121Z,2016-06-19T11:35:05.121Z,BmiChart
3761,f,AUS,220.5,-2.326481911,21.37812462,0.147487979,,17.25894211,17.63733356,18.27823552,19.54823263,21.37812462,23.93912415,,27.42325378,30.55623433,33.37969431,,25.82316611,2016-06-19T11:35:05.127Z,2016-06-19T11:35:05.127Z,BmiChart
3762,f,AUS,221.5,-2.331428139,21.40214589,0.147580453,,17.2781787,17.6568349,18.29825524,19.5695689,21.40214589,23.96879993,,27.46505002,30.61430463,33.45765732,,25.85869115,2016-06-19T11:35:05.132Z,2016-06-19T11:35:05.132Z,BmiChart
3763,f,AUS,222.5,-2.336038473,21.42548351,0.147689289,,17.29642829,17.67537444,18.31735722,19.59007937,21.42548351,23.99800858,,27.50671138,30.67259539,33.53623826,,25.89392241,2016-06-19T11:35:05.138Z,2016-06-19T11:35:05.138Z,BmiChart
3764,f,AUS,223.5,-2.34029545,21.44813156,0.14781515,,17.31366688,17.69292976,18.33552175,19.60974989,21.44813156,24.02675569,,27.54825824,30.73113849,33.61547736,,25.92887369,2016-06-19T11:35:05.145Z,2016-06-19T11:35:05.145Z,BmiChart
3765,f,AUS,224.5,-2.344181703,21.47008412,0.147958706,,17.32987032,17.70947829,18.35272903,19.62856629,21.47008412,24.05504702,,27.58971144,30.78996648,33.69541553,,25.96355908,2016-06-19T11:35:05.151Z,2016-06-19T11:35:05.151Z,BmiChart
3766,f,AUS,225.5,-2.34768,21.49133529,0.148120633,,17.34501435,17.72499741,18.36895919,19.64651429,21.49133529,24.08288851,,27.63109226,30.84911253,33.77609435,,25.99799301,2016-06-19T11:35:05.158Z,2016-06-19T11:35:05.158Z,BmiChart
3767,f,AUS,226.5,-2.350773286,21.51187918,0.148301619,,17.35907462,17.73946435,18.38419225,19.66357958,21.51187918,24.11028624,,27.67242239,30.90861047,33.8575561,,26.03219019,2016-06-19T11:35:05.165Z,2016-06-19T11:35:05.165Z,BmiChart
3768,f,AUS,227.5,-2.353444725,21.53170989,0.148502355,,17.37202667,17.75285625,18.39840811,19.67974776,21.53170989,24.13724646,,27.71372396,30.96849476,33.93984372,,26.06616563,2016-06-19T11:35:05.171Z,2016-06-19T11:35:05.171Z,BmiChart
3769,f,AUS,228.5,-2.355677743,21.55082155,0.148723546,,17.38384594,17.76515018,18.41158663,19.69500438,21.55082155,24.16377555,,27.75501954,31.02880054,34.02300086,,26.09993465,2016-06-19T11:35:05.178Z,2016-06-19T11:35:05.178Z,BmiChart
3770,f,AUS,229.5,-2.35745607,21.56920824,0.148965902,,17.39450778,17.77632308,18.42370753,19.70933491,21.56920824,24.18988006,,27.7963321,31.08956357,34.10707184,,26.13351285,2016-06-19T11:35:05.183Z,2016-06-19T11:35:05.183Z,BmiChart
3771,f,AUS,230.5,-2.358763788,21.58686406,0.149230142,,17.40398745,17.78635182,18.43475047,19.72272474,21.58686406,24.21556667,,27.83768505,31.1508203,34.1921017,,26.16691611,2016-06-19T11:35:05.188Z,2016-06-19T11:35:05.188Z,BmiChart
3772,f,AUS,231.5,-2.359585369,21.60378309,0.149516994,,17.41226013,17.79521318,18.44469501,19.73515921,21.60378309,24.24084219,,27.87910223,31.21260782,34.27813617,,26.20016061,2016-06-19T11:35:05.194Z,2016-06-19T11:35:05.194Z,BmiChart
3773,f,AUS,232.5,-2.359905726,21.61995939,0.149827195,,17.41930091,17.80288385,18.45352064,19.74662357,21.61995939,24.26571357,,27.92060786,31.27496389,34.3652217,,26.23326279,2016-06-19T11:35:05.198Z,2016-06-19T11:35:05.198Z,BmiChart
3774,f,AUS,233.5,-2.359710258,21.635387,0.150161492,,17.42508482,17.80934044,18.46120675,19.757103,21.635387,24.29018788,,27.9622266,31.33792691,34.45340544,,26.26623937,2016-06-19T11:35:05.204Z,2016-06-19T11:35:05.204Z,BmiChart
3775,f,AUS,234.5,-2.358980464,21.65006126,0.150520734,,17.42958448,17.81455755,18.46773133,19.76658246,21.65006126,24.31427499,,28.00398629,31.40153631,34.54273066,,26.29911039,2016-06-19T11:35:05.210Z,2016-06-19T11:35:05.210Z,BmiChart
3776,f,AUS,235.5,-2.357714508,21.6639727,0.150905439,,17.43278087,17.81851675,18.47307706,19.77504736,21.6639727,24.33797514,,28.04590512,31.46583097,34.6332581,,26.33188509,2016-06-19T11:35:05.215Z,2016-06-19T11:35:05.215Z,BmiChart
3777,f,AUS,236.5,-2.355892424,21.67711736,0.151316531,,17.43464513,17.82119134,18.47722102,19.78248242,21.67711736,24.3613,,28.08801335,31.53085181,34.72502979,,26.36458581,2016-06-19T11:35:05.219Z,2016-06-19T11:35:05.219Z,BmiChart
3778,f,AUS,237.5,-2.353501353,21.68948935,0.151754808,,17.43515168,17.82255737,18.48014209,19.78887249,21.68948935,24.3842575,,28.13033767,31.59663995,34.81809511,,26.39723077,2016-06-19T11:35:05.224Z,2016-06-19T11:35:05.224Z,BmiChart
3779,f,AUS,238.5,-2.350528726,21.70108288,0.152221086,,17.43427465,17.8225906,18.48181892,19.79420232,21.70108288,24.40685591,,28.17290543,31.66323724,34.91250374,,26.42983873,2016-06-19T11:35:05.229Z,2016-06-19T11:35:05.229Z,BmiChart
3780,f,AUS,239.5,-2.346962247,21.71189225,0.152716206,,17.43198786,17.82126653,18.48222995,19.79845655,21.71189225,24.42910393,,28.21574476,31.73068625,35.00830552,,26.4624291,2016-06-19T11:35:05.234Z,2016-06-19T11:35:05.234Z,BmiChart
3781,f,AUS,240,-2.34495843,21.71699934,0.152974718,,17.43031075,17.82009046,18.48195582,19.80017572,21.71699934,24.44009565,,28.23727135,31.76474311,35.05675093,,26.47871966,2016-06-19T11:35:05.239Z,2016-06-19T11:35:05.239Z,BmiChart
3782,f,AUS,240.5,-2.342796948,21.72190973,0.153240872,,17.42826863,17.81856356,18.48135557,19.80161999,21.72190973,24.45100622,,28.25887983,31.79902964,35.10555822,,26.49501679,2016-06-19T11:35:05.243Z,2016-06-19T11:35:05.243Z,BmiChart